{
	"format_version": "1.8.0",
	"animations": {
		"animation.pixelmind.ethan_gray.idle": {
			"loop": true,
			"animation_length": 4.5,
			"bones": {
				"root": {
					"position": {
						"0.0": [0, 0.725, 0],
						"1.375": {
							"pre": [0.45, 0.56838, 0],
							"post": [0.45, 0.56838, 0],
							"lerp_mode": "catmullrom"
						},
						"2.0": [0, 0.725, 0],
						"3.375": {
							"pre": [0.45, 0.56838, 0],
							"post": [0.45, 0.56838, 0],
							"lerp_mode": "catmullrom"
						},
						"4.5": [0, 0.725, 0]
					}
				},
				"leftLeg": {
					"rotation": {
						"0.0": [0, -7.5, -2.5],
						"1.375": {
							"pre": [0, -7.5, -0.25],
							"post": [0, -7.5, -0.25],
							"lerp_mode": "catmullrom"
						},
						"2.0": [0, -7.5, -2.5],
						"3.375": {
							"pre": [0, -7.5, -0.25],
							"post": [0, -7.5, -0.25],
							"lerp_mode": "catmullrom"
						},
						"4.5": [0, -7.5, -2.5]
					}
				},
				"rightLeg": {
					"rotation": {
						"0.0": [2.5, 0, 5],
						"1.375": {
							"pre": [2.5, 0, 7.53],
							"post": [2.5, 0, 7.53],
							"lerp_mode": "catmullrom"
						},
						"2.0": [2.5, 0, 5],
						"3.375": {
							"pre": [2.5, 0, 7.53],
							"post": [2.5, 0, 7.53],
							"lerp_mode": "catmullrom"
						},
						"4.5": [2.5, 0, 5]
					}
				},
				"waist": {
					"rotation": {
						"0.0": [0, 0, 0],
						"0.5": {
							"pre": [-2.23, 0, 0],
							"post": [-2.23, 0, 0],
							"lerp_mode": "catmullrom"
						},
						"1.0": {
							"post": [-1.5, 0, 0],
							"lerp_mode": "catmullrom"
						},
						"1.5417": {
							"post": [-0.33, 0, 0],
							"lerp_mode": "catmullrom"
						},
						"2.0": [0, 0, 0],
						"2.5": {
							"pre": [-7.23, 0, 0],
							"post": [-7.23, 0, 0],
							"lerp_mode": "catmullrom"
						},
						"3.0": {
							"post": [1, 0, 0],
							"lerp_mode": "catmullrom"
						},
						"3.5417": {
							"post": [-0.33, 0, 0],
							"lerp_mode": "catmullrom"
						},
						"4.0833": [7.45, 0, 0],
						"4.5": [0, 0, 0]
					}
				},
				"Head": {
					"rotation": {
						"2.0": [0, 0, 0],
						"2.5": [7.5, 0, 0],
						"3.1667": [-3.33, 0, 0],
						"4.0833": [-3.54, 0, 0],
						"4.5": [0, 0, 0]
					}
				},
				"rightArm": {
					"rotation": {
						"0.0": [7.5, 10, 10],
						"1.0": [2.5, 17.5, 10],
						"1.5": [5.25, 13.75, 10],
						"2.0": [7.5, 10, 10],
						"2.2083": [-24.19029, -24.4982, 15.42827],
						"2.375": [-69.29252, -52.09676, 19.77089],
						"2.5417": [-94.39476, -79.69532, 24.11351],
						"2.7083": [-101.89476, -79.69532, 24.11351],
						"3.75": [-101.89476, -79.69532, 24.11351],
						"4.0": [-72.92984, -49.79688, 19.40901],
						"4.25": [-17.71492, -19.89844, 14.7045],
						"4.5": [7.5, 10, 10]
					},
					"position": {
						"0.0": [0, 0, 0],
						"2.0": [0, 0, 0],
						"2.5417": [1.275, -0.575, -4.25],
						"3.75": [1.275, -0.575, -4.25],
						"4.5": [0, 0, 0]
					}
				},
				"leftArm": {
					"rotation": {
						"0.0": [7.5, -10, -10],
						"1.0": [5, -17.5, -10],
						"2.0": [7.5, -10, -10],
						"2.25": [-87.71271, 23.16381, -23.35344],
						"2.5": [-132.92541, 56.32761, -36.70689],
						"2.7917": [-130.96133, 57.85718, -40.21569],
						"3.75": [-130.96133, 57.85718, -40.21569],
						"4.0": [-107.291, 38.5886, -37.82975],
						"4.25": [-34.8955, 14.2943, -23.91487],
						"4.5": [7.5, -10, -10]
					},
					"position": {
						"0.0": [0, 0, 0],
						"2.0": [0, 0, 0],
						"2.5": [-0.55, 0, -3.875],
						"3.75": [0.025, 0, -3.875],
						"4.5": [0, 0, 0]
					}
				},
				"fx1": {
					"position": [0, 18, 0]
				},
				"fx2": {
					"position": [0, 18, 0]
				},
				"fx3": {
					"position": [0, 18, 0]
				}
			},
			"sound_effects": {
				"0.0": {
					"effect": "idle2"
				}
			}
		},
		"animation.pixelmind.npc.look_at_target": {
			"loop": true,
			"animation_length": 1,
			"bones": {
				"Head": {
					"rotation": ["query.target_x_rotation", "query.target_y_rotation", 0]
				}
			}
		}
	}
}