{
	"format_version": "1.8.0",
	"animations": {
		"animation.pixelmind.compass.idle_tpp": {
			"loop": true,
			"animation_length": 2,
			"bones": {
				"root": {
					"rotation": {
						"0.0": [0, 7.5, 0],
						"2.0": [0, 7.5, 0]
					},
					"position": {
						"0.0": [0, 0, 0],
						"1.0": {
							"pre": [0.86751, -0.55, -0.11421],
							"post": [0.86751, -0.55, -0.11421],
							"lerp_mode": "catmullrom"
						},
						"2.0": [0, 0, 0]
					}
				},
				"leftLeg": {
					"rotation": {
						"0.0": [3.10693, -12.45167, -5.12076],
						"1.0": {
							"pre": [2.55267, -12.57511, -2.56304],
							"post": [2.55267, -12.57511, -2.56304],
							"lerp_mode": "catmullrom"
						},
						"2.0": [3.10693, -12.45167, -5.12076]
					}
				},
				"rightLeg": {
					"rotation": {
						"0.0": [5, 7.5, 5],
						"1.0": {
							"pre": [5.57372, 7.08514, 9.51741],
							"post": [5.57372, 7.08514, 9.51741],
							"lerp_mode": "catmullrom"
						},
						"2.0": [5, 7.5, 5]
					}
				},
				"waist": {
					"rotation": {
						"0.0": [0, 0, 0],
						"1.0": {
							"pre": [3.75, 0, 0],
							"post": [3.75, 0, 0],
							"lerp_mode": "catmullrom"
						},
						"2.0": [0, 0, 0]
					}
				},
				"Head": {
					"rotation": {
						"0.0": [0, 0, 0],
						"1.0": {
							"pre": [-2.75, 0, 0],
							"post": [-2.75, 0, 0],
							"lerp_mode": "catmullrom"
						},
						"2.0": [0, 0, 0]
					}
				},
				"rightArm": {
					"rotation": {
						"0.0": [-48.44479, 0.8999, 4.60313],
						"1.0": {
							"pre": [-51.69479, 0.8999, 4.60313],
							"post": [-51.69479, 0.8999, 4.60313],
							"lerp_mode": "catmullrom"
						},
						"2.0": [-48.44479, 0.8999, 4.60313]
					}
				},
				"leftArm": {
					"rotation": {
						"0.0": [7.88975, -20.65603, -13.70665],
						"1.0": {
							"pre": [7.81505, -21.09652, -9.99043],
							"post": [7.81505, -21.09652, -9.99043],
							"lerp_mode": "catmullrom"
						},
						"2.0": [7.88975, -20.65603, -13.70665]
					}
				},
				"bone": {
					"rotation": {
						"0.0": [42.5, 0, 0],
						"2.0": [42.5, 0, 0]
					},
					"position": {
						"0.0": [-0.85, 9.09289, -3.45419],
						"2.0": [-0.85, 9.09289, -3.45419]
					},
					"scale": {
						"0.0": [0.3, 0.3, 0.3],
						"2.0": [0.3, 0.3, 0.3]
					}
				}
			}
		},
		"animation.pixelmind.compass.idle_fpp": {
			"loop": true,
			"animation_length": 2,
			"bones": {
				"root": {
					"rotation": {
						"0.0": [0, 187.5, 0],
						"2.0": [0, 187.5, 0]
					},
					"position": {
						"0.0": [0, 0, 0],
						"1.0": {
							"pre": [0.86751, -0.55, -0.11421],
							"post": [0.86751, -0.55, -0.11421],
							"lerp_mode": "catmullrom"
						},
						"2.0": [0, 0, 0]
					}
				},
				"leftLeg": {
					"rotation": {
						"0.0": [3.10693, -12.45167, -5.12076],
						"1.0": {
							"pre": [2.55267, -12.57511, -2.56304],
							"post": [2.55267, -12.57511, -2.56304],
							"lerp_mode": "catmullrom"
						},
						"2.0": [3.10693, -12.45167, -5.12076]
					}
				},
				"rightLeg": {
					"rotation": {
						"0.0": [5, 7.5, 5],
						"1.0": {
							"pre": [5.57372, 7.08514, 9.51741],
							"post": [5.57372, 7.08514, 9.51741],
							"lerp_mode": "catmullrom"
						},
						"2.0": [5, 7.5, 5]
					}
				},
				"waist": {
					"rotation": {
						"0.0": [0, 0, 0],
						"1.0": {
							"pre": [3.75, 0, 0],
							"post": [3.75, 0, 0],
							"lerp_mode": "catmullrom"
						},
						"2.0": [0, 0, 0]
					}
				},
				"Head": {
					"rotation": {
						"0.0": [0, 0, 0],
						"1.0": {
							"pre": [-2.75, 0, 0],
							"post": [-2.75, 0, 0],
							"lerp_mode": "catmullrom"
						},
						"2.0": [0, 0, 0]
					},
					"scale": 0
				},
				"rightArm": {
					"rotation": {
						"0.0": [-61.46895, -5.00053, 5.9506],
						"0.9583": {
							"pre": [-58.96895, -5.00053, 5.9506],
							"post": [-58.96895, -5.00053, 5.9506],
							"lerp_mode": "catmullrom"
						},
						"2.0": [-61.46895, -5.00053, 5.9506]
					},
					"position": {
						"0.0": [-5.47401, 0.74319, -7.46505],
						"2.0": [-5.47401, 0.74319, -7.46505]
					}
				},
				"leftArm": {
					"rotation": {
						"0.0": [7.88975, -20.65603, -13.70665],
						"1.0": {
							"pre": [7.81505, -21.09652, -9.99043],
							"post": [7.81505, -21.09652, -9.99043],
							"lerp_mode": "catmullrom"
						},
						"2.0": [7.88975, -20.65603, -13.70665]
					},
					"scale": 0
				},
				"bone": {
					"rotation": {
						"0.0": [42.5, 0, 0],
						"2.0": [42.5, 0, 0]
					},
					"position": {
						"0.0": [-0.85, 9.09289, -3.45419],
						"2.0": [-0.85, 9.09289, -3.45419]
					},
					"scale": {
						"0.0": [0.3, 0.3, 0.3],
						"2.0": [0.3, 0.3, 0.3]
					}
				}
			}
		},
		"animation.pixelmind.compass.hold": {
			"loop": true,
			"animation_length": 2,
			"bones": {
				"root": {
					"rotation": {
						"0.0": [0, 7.5, 0],
						"2.0": [0, 7.5, 0]
					},
					"position": {
						"0.0": [0, 0, 0],
						"1.0": {
							"pre": [0.86751, -0.55, -0.11421],
							"post": [0.86751, -0.55, -0.11421],
							"lerp_mode": "catmullrom"
						},
						"2.0": [0, 0, 0]
					}
				},
				"leftLeg": {
					"rotation": {
						"0.0": [3.10693, -12.45167, -5.12076],
						"1.0": {
							"pre": [2.55267, -12.57511, -2.56304],
							"post": [2.55267, -12.57511, -2.56304],
							"lerp_mode": "catmullrom"
						},
						"2.0": [3.10693, -12.45167, -5.12076]
					}
				},
				"rightLeg": {
					"rotation": {
						"0.0": [5, 7.5, 5],
						"1.0": {
							"pre": [5.57372, 7.08514, 9.51741],
							"post": [5.57372, 7.08514, 9.51741],
							"lerp_mode": "catmullrom"
						},
						"2.0": [5, 7.5, 5]
					}
				},
				"waist": {
					"rotation": {
						"0.0": [0, 0, 0],
						"1.0": {
							"pre": [3.75, 0, 0],
							"post": [3.75, 0, 0],
							"lerp_mode": "catmullrom"
						},
						"2.0": [0, 0, 0]
					}
				},
				"Head": {
					"rotation": {
						"0.0": [0, 0, 0],
						"1.0": {
							"pre": [-2.75, 0, 0],
							"post": [-2.75, 0, 0],
							"lerp_mode": "catmullrom"
						},
						"2.0": [0, 0, 0]
					}
				},
				"rightArm": {
					"rotation": {
						"0.0": [-48.44479, 0.8999, 4.60313],
						"1.0": {
							"pre": [-51.69479, 0.8999, 4.60313],
							"post": [-51.69479, 0.8999, 4.60313],
							"lerp_mode": "catmullrom"
						},
						"2.0": [-48.44479, 0.8999, 4.60313]
					}
				},
				"leftArm": {
					"rotation": {
						"0.0": [7.88975, -20.65603, -13.70665],
						"1.0": {
							"pre": [7.81505, -21.09652, -9.99043],
							"post": [7.81505, -21.09652, -9.99043],
							"lerp_mode": "catmullrom"
						},
						"2.0": [7.88975, -20.65603, -13.70665]
					}
				},
				"bone": {
					"rotation": {
						"0.0": [42.5, 0, 0],
						"2.0": [42.5, 0, 0]
					},
					"position": {
						"0.0": [-0.85, 9.09289, -3.45419],
						"2.0": [-0.85, 9.09289, -3.45419]
					},
					"scale": {
						"0.0": [0.3, 0.3, 0.3],
						"2.0": [0.3, 0.3, 0.3]
					}
				}
			}
		}
	}
}